Firm,Link,Description,Phone,Address,Website,Practice Area
"Associated Legal Group, LLC",https://www.us-barassociation.org/firms/detail/96009cf58143b7cd,"Associated Legal Group is located in the capitol city of Cheyenne, Wyoming, just 100 miles north of Denver, Colorado. The firm has a diverse practice that includes most kinds of civil matters. The firm handles everything from complex litigation to the more simple legal needs of its clients. The attorneys at Associated Legal are experienced at handling labor and employment matters, contract and real estate disputes, insurance issues, water, natural resources and environmental matters, governmental issues, regulation of telecommunications and natural gas, construction disputes, condemnation matters, easement disputes, split estates, estate planning, and automobile and industrial accidents. The firm also handles appeals in the state and federal courts, and hearings before state and federal administrative agencies including the Public Service Commission, EEOC, Department of Labor, Worker's Compensation Division, Environmental Quality Council, and others.

The attorneys at Associated Legal Group place the highest priority on responding to their client's needs. They stay in close contact with their clients on pending matters, and regularly counsel with their clients regarding how matters are proceeding. Carrying out the firm's tradition of integrity and commitment to client needs, the firm strives to achieve outstanding and professional results through practical and thorough preparation, and strong, effective advocacy. The focus is always on client objectives and the most practical way to achieve those objectives. While the firm believes that most legal matters can and should be resolved short of litigation, each of the lawyers in the group has considerable courtroom experience and is ready to proceed with litigation when necessary.

Most of the attorneys at Associated Legal are licensed to practice in both Wyoming and Colorado, and are admitted to all state and federal courts in both states, as well as the United States Court of Appeals for the 10th Circuit. In addition, Mr. Asay is admitted to practice in the United States Court of Military Appeals and the Court of Appeals for the Federal Circuit.

Members of the firm often lecture for special interest groups such as the National Business Institute, Wyoming Claims Association, Wyoming State Bar Association, Wyoming Lodging and Restaurant Association, Council on Education in Management, Wyoming Hospital Association, University of Wyoming, and others. For more information on individual attorneys, including individual qualifications and biographies, please refer to the individual attorney pages.",Phone(s): (307) 632-2888,"1807 Capitol Ave., Suite 203
Cheyenne, Wyoming
82001",N/A,"Bankruptcy, Business Law, Criminal Defense, Divorce, Employment, Estate Planning, Government, Industry, Litigation, Motor Vehicle Accidents, Personal Injury, Real Estate"
Bailey Stock Harmon Cottam Lopez LLP,https://www.us-barassociation.org/firms/detail/b794d2640c56b225,"When you need legal services from a highly trusted and experienced attorney in Cheyenne or the greater Wyoming area, call on Bailey Stock Harmon Cottam Lopez LLP. A firm with a strong reputation for trustworthy and honest legal counsel, Bailey Stock Harmon Cottam Lopez’s team of lawyers have over",Phone(s): (307) 222-4932,"221 East 21st Street, Box 850
Cheyenne, Wyoming
82001",N/A,Personal Injury
"Berger & Brown, Attorneys",https://www.us-barassociation.org/firms/detail/526a40a22c29ca0f,"If you need a bankruptcy, personal injury, or family lawyer in Gillette, trust the experienced team at Berger & Brown, Attorneys. They offer top-rate representation & a compassionate approach.",Phone(s): (307) 222-5772,"603 South Gillette Ave
Gillette, Wyoming
82716",N/A,"Bankruptcy, Criminal Defense, Family Law, Personal Injury"
Bowers Law Firm,https://www.us-barassociation.org/firms/detail/1ca8e57ef0c04b1b,"The Bowers Law Firm is a dedicated firm committed to serving clients in Wyoming, Utah, Nevada and Idaho. Our attorneys capably handle personal injury and felony criminal defense matters. We believe in justice and the power of the legal system to make a positive difference.",Phone(s): (888) 892-9081,"685 South Washington
Afton, Wyoming
83110",N/A,"Business Law, Criminal Defense, Government, Litigation, Motor Vehicle Accidents, Personal Injury, Real Estate"
"Buchhammer & Ward, P.C.",https://www.us-barassociation.org/firms/detail/f7942d6bfc71f723,"Buchhammer & Ward, P.C., is the successor to the law firm of Guy, Williams, White & Argeris which was established in 1949. The firm is AV rated by the Martindale-Hubbell Law Directory®. From its founding, the firm has engaged in civil and trial practice in all state and federal courts with its",Phone(s): (307) 634-2184,"1821 Logan Avenue
Cheyenne, Wyoming
82003",N/A,"Business Law, Litigation, Medical Malpractice, Motor Vehicle Accidents, Personal Injury, Real Estate"
"Burg Simpson Eldredge Hersh & Jardine, P.C.",https://www.us-barassociation.org/firms/detail/90a8c561876f562b,"Burg Simpson Eldredge Hersh and Jardine, P.C. is a full-service law firm with office locations in Colorado, Wyoming, Ohio, and Arizona. We are ready to help you with all of your litigation needs. Whether you have suffered a personal injury, or need assistance handling a business transaction, our",Phone(s): (307) 527-7891,"1135 14th Street
Cody, Wyoming
82414",N/A,"Bankruptcy, Business Law, Employment, Estate Planning, Industry, Litigation, Medical Malpractice, Motor Vehicle Accidents, Personal Injury, Real Estate"
"Bussart, West & Tyler P.C.",https://www.us-barassociation.org/firms/detail/0198affc86feecb0,"Bussart, West and Tyler, P.C. is an experienced law firm located in Rock Springs, Wyoming. Our attorneys provide legal representation in the areas of Estate Planning, Probate and Estate Administration.",Phone(s): (307) 362-3300,"409 Broadway Street, Suite A
Rock Springs, Wyoming
82901",N/A,"Business Law, Commercial Law, Estate Planning, Government, Litigation, Real Estate"
"Chapin & Dixon, LLP",https://www.us-barassociation.org/firms/detail/652a95112016208c,"Members of the law firm of Chapin and Dixon, starting with its senior partner, Donald E. Chapin, have been in continuous practice since 1949, providing clients with practiced efficient solutions to legal problems. During all that time the attorneys have been hands-on counselors with many",Phone(s): (307) 234-7321,"104 South Wolcott Avenue, Suite 600, First Interstate Bank Building
Casper, Wyoming
82601",N/A,"Business Law, Divorce, Employment, Estate Planning, Family Law, Government, Litigation, Personal Injury"
"Christopher G. Humphrey, P.C.",https://www.us-barassociation.org/firms/detail/f9289479830fbcb2,"Attorney Christpher Humphrey has been practicing law and serving clients in Cheyenne, Wyoming for many years. Mr. Humphrey is licensed to practice law in the State of Wyoming and Colorado, Wyoming Federal District Court, the Executive Office of Immigration Review, and the Wyoming Bankruptcy Court.",Phone(s): (307) 222-2448,"217 West 18 street
Cheyenne, Wyoming
82001",N/A,Criminal Defense
Cotton Law Offices,https://www.us-barassociation.org/firms/detail/37959e555f06d40b,"Cotton Law Offices, located in Gillette, Wyoming, provides statewide services for parties with claims originating in Wyoming. With over twenty (20) years experience in personal injury related matters, C. John Cotton, Esq. provides representation and legal services in practice areas which include: Catastrophic/serious injury; Wrongful death; Personal injury; and, Workers compensation.",Phone(s): (307) 200-7303,"222 South Gillette Avenue, Suite 601
Gillette, Wyoming
82716",N/A,"Employment, Motor Vehicle Accidents, Personal Injury"
Crowley Fleck PLLP,https://www.us-barassociation.org/firms/detail/c6dac78bb4dc89f5,"Crowley Fleck PLLP is one of the oldest and largest firms in our region. The firm counts over 130 lawyers practicing in the areas of commercial litigation, insurance defense litigation, natural resources, mining, and energy law, healthcare, commercial transactions, banking and finance, creditors rights, real estate transactions and development, tax and estate planning and administration, intellectual property matters, employment law, governmental affairs and lobbying. The firm has offices throughout Montana, North Dakota, and Wyoming, including offices in Billings, Bozeman, Butte, Helena, Kalispell, and Missoula, Montana; Bismarck and Williston, North Dakota; and Casper, Cheyenne, and Sheridan, Wyoming.

The firm traces its beginning to 1895, when W. M. Johnston established his law practice in an office across from the Northern Pacific Depot in Billings, Montana. As its reputation grew over the ensuing decades, so did the firm. The firm began by serving the legal needs of a wide variety of clients, from local families to small business owners, from family farmers and ranchers to local lending institutions, from local hospitals and physician groups to energy pioneers, power generators, and mining interests. We continue to serve the same clients today, joined by national and international businesses representing virtually every industry with interests in our region. To better serve the increasingly diverse and complex needs of our clients, the firm established offices in Helena, Montana (1991), Kalispell, Montana (1997), Bozeman, Montana (2000), Missoula, Montana (2003), Butte, Montana (2011), and in Williston, North Dakota (1996).

On January 1, 2009, Crowley Fleck PLLP became the name of the firm formed by the combination of Crowley, Haughey, Hanson, Toole & Dietrich PLLP and Fleck, Mather & Strutz, Ltd. of Bismarck, North Dakota. The Fleck firm had been founded in 1945 by Alvin C. Strutz, later Chief Justice of the North Dakota Supreme Court, and Clifford Jansonius, who later served as a North Dakota District Judge. Ernest R. Fleck joined them in 1948. With this combination, Crowley Fleck PLLP established itself as a true regional law firm serving clients throughout the Northern Rockies region of Montana, North Dakota, and Wyoming. To perfect this vision, the firm has since established offices in Casper, Cheyenne, and Sheridan, Wyoming. The firm, therefore, now meets the governmental and regulatory needs of its clients through offices in the capital cities of Montana, North Dakota, and Wyoming.

The firm counts among its partners and former partners lawyers of formidable ability and integrity, dedicated to the profession and to public service. Crowley Fleck lawyers contribute thousands of hours of pro bono legal services to those in need, serve on state bar association boards, committees, and commissions, ABA committees, in the Wyoming State Legislature, and on countless local charitable and nonprofit boards. In 1953, then partner William J. Jameson was elected President of the American Bar Association and in 1973 received the ABA’s highest honor, the ABA Medal. Our commitment to a tradition of public service in our profession and in our communities forms the foundation of our firm.",Phone(s): (307) 265-2279,"111 W 2nd St
Casper, Wyoming
82601",N/A,"Bankruptcy, Business Law, Commercial Law, Employment, Estate Planning, Government, Immigration, Industry, Intellectual Property, Litigation, Personal Injury, Real Estate"
"Daly & Sorenson, LLC",https://www.us-barassociation.org/firms/detail/57c01b6647a6436e,"Daly & Sorenson, LLC is an experienced law firm located in Gillette, Wyoming. The firm was originally founded in 1938 by Earl Dunlap. Our attorneys represent clients in commercial litigation, oil and gas contracts, real estate transactions, appellant work, domestic relations disputes, and criminal defense. We can provide our clients with representation at all levels of civil and criminal proceedings, including local, State and Federal courts. In addition, we recognize the value of our community and actively participate on many local boards and committees.",Phone(s): (307) 682-5141,"510 South Gillette Ave
Gillette, Wyoming
82716",N/A,"Business Law, Criminal Defense, Divorce, Estate Planning, Family Law, Litigation, Personal Injury, Real Estate"
"Davis & Cannon, LLP",https://www.us-barassociation.org/firms/detail/19c850719cdda396,"Founded in 1948, Davis & Cannon, LLP is a general practice law firm in Wyoming with office locations in Sheridan, Cheyenne, and Gillette. The firm was founded in 1948.

Davis & Cannon, LLP serves clients throughout Wyoming and the Northern Rocky Mountains from its offices in Sheridan, Cheyenne, and Gillette. Henry A. Burgess, a descendant of a pioneer ranching family and the son of the judge from northern Wyoming, started our firm in Sheridan, Wyoming after attending Harvard and the University of Michigan Law School. Our firm began with a strong foundation in natural resources, representing land owners and diverse businesses throughout the state. We particularly value the longstanding personal relationships we develop with our clients in finding solutions to their legal problems. Our law firm emphasizes efficient and practical problem-solving approaches to the legal issues our clients face, and we take pride in being recognized as among the best Wyoming lawyers.",Phone(s): (307) 672-7491 or (800) 868-4948,"40 South Main Street
Sheridan, Wyoming
82801",N/A,"Bankruptcy, Business Law, Commercial Law, Divorce, Employment, Estate Planning, Family Law, Government, Litigation, Motor Vehicle Accidents, Personal Injury, Real Estate"
"Davis & Cannon, LLP",https://www.us-barassociation.org/firms/detail/d7377ef2dcbc2d43,"Founded in 1948, Davis & Cannon, LLP is a general practice law firm in Wyoming with office locations in Sheridan, Cheyenne, and Gillette. The firm was founded in 1948.

Davis & Cannon, LLP serves clients throughout Wyoming and the Northern Rocky Mountains from its offices in Sheridan, Cheyenne, and Gillette. Henry A. Burgess, a descendant of a pioneer ranching family and the son of the judge from northern Wyoming, started our firm in Sheridan, Wyoming after attending Harvard and the University of Michigan Law School. Our firm began with a strong foundation in natural resources, representing land owners and diverse businesses throughout the state. We particularly value the longstanding personal relationships we develop with our clients in finding solutions to their legal problems. Our law firm emphasizes efficient and practical problem-solving approaches to the legal issues our clients face, and we take pride in being recognized as among the best Wyoming lawyers.",Phone(s): (307) 682-1246,"210 South Warren Avenue
Gillette, Wyoming
82716",N/A,"Bankruptcy, Business Law, Commercial Law, Divorce, Employment, Estate Planning, Family Law, Government, Litigation, Motor Vehicle Accidents, Personal Injury, Real Estate"
"Dray, Thomson & Dyekman, P.C.",https://www.us-barassociation.org/firms/detail/52702b2c54df0ff8,"Dray, Thomson & Dyekman, P.C. was originally founded in 1975 by W. Perry Dray and has flourished into a group of attorneys who have developed a diverse and growing clientele. The firm offers expertise in many areas of practice and provides strong community support by being involved in various legal associations as well as many community-based organizations.

The firm utilizes what was described in Chambers USA as a ""user-friendly team approach"" to client's legal issues. Teams form within the firm's practice groups to work on a legal matter, but draw on the knowledge, expertise and experience of all members of the firm to find creative and sophisticated solutions in a timely manner.",Phone(s): (307) 634-8891,"204 East 22nd Street
Cheyenne, Wyoming
82001",N/A,"Bankruptcy, Business Law, Commercial Law, Government, Real Estate, Tax"
FJH Law Office,https://www.us-barassociation.org/firms/detail/c528e6d819dd80ba,"FJH Law Office is proud to serve people like you who have been injured and need help. We do not represent insurance companies or big corporations who strive to pay you less than you deserve. The insurance company lawyers will represent the party who caused your injury. Our firm's personal injury specialties include: Product liability; Insurance company bad faith practices; Medical negligence; Truck accidents; Wrongful Death; Civil Litigation; and, Civil Rights.",Phone(s): (307) 324-6639,"220 North 4th St. Ste. 207
Rawlins, Wyoming
82301",N/A,"Business Law, Employment, Industry, Litigation, Medical Malpractice, Motor Vehicle Accidents, Personal Injury"
"Freeburg Law, LLC",https://www.us-barassociation.org/firms/detail/fcf0e76722bb62f2,"Criminal defense and DUI attorney in Jackson Hole, Wyoming. Practice includes all crimes, and covers Wyoming and Idaho.",Phone(s): (307) 203-6979,"140 E Broadway, Ste 25
Jackson, Wyoming
83001",N/A,Criminal Defense
Geittmann Larson Swift LLP,https://www.us-barassociation.org/firms/detail/260fa1585f54cbc9,"Mullikin, Larson and Swift, LLC is engaged in the general practice of law throughout Wyoming, with special emphasis on general real estate and land use planning matters civil litigation in tort, business, insurance and real estate matters employment corporate, banking and business law including complex transactions taxation and estate planning, wills, trusts and probate law administrative law municipal and education law.

With seven experienced lawyers and five legal support staff including two paralegals, Mullikin, Larson & Swift LLC is well equipped to handle the legal needs of its clients from its offices at 155 East Pearl Street in Jackson, Wyoming.

Dave Larson, a partner in the firm, began serving as attorney for Teton County School District No. One in 1974, and his experience and expertise in school law is extensive. He also has a solid background in administrative law, having served as attorney for the Town of Jackson for over twenty years. Other firm members began assisting with representation of the School District after the partnership was established in 1985, and the firm has remained attorneys for Teton County School District No. One continuously since that time. Presently, Sara Van Genderen is the attorney primarily working with the School District, though the expertise, knowledge, and experience of all firm members often are relied upon on various District matters.

Other representative clients of our firm have included the Town of Jackson, for which Dave Larson served as attorney for over twenty years, the Jackson State Bank, and Teton County in various litigation matters.

Mullikin, Larson and Swift LLC is able to offer a wide variety of legal services through the broad experience and expertise of each of its lawyers, including in such areas as real estate law, land use and development law, estate planning, personal injury defense, insurance law, business law, administrative law, tax law and bankruptcy. We are listed in Martindale-Hubbell and the Bar Register of Preeminent Lawyers.",Phone(s): (307) 733-3923,"155 East Pearl Avenue, Suite 200
Jackson, Wyoming
83001",N/A,"Bankruptcy, Business Law, Employment, Estate Planning, Government, Litigation, Personal Injury, Real Estate, Tax"
"Hageman & Brighton Law Office, PC",https://www.us-barassociation.org/firms/detail/5b4070cee6fb954e,"Harriet M. Hageman and Kara Brighton began their legal partnership as Hageman & Brighton in Cheyenne, Wyoming on August 1, 2000. Since commencing business, the partners of Hageman & Brighton have worked on numerous water and natural resources issues. Ms. Hageman and Ms. Brighton worked on Nebraska v.",Phone(s): (307) 635-4888,"222 East 21st Street
Cheyenne, Wyoming
82001",N/A,Real Estate
"Hall & Evans, L.L.C.",https://www.us-barassociation.org/firms/detail/f071a132bf6916cc,"Hall & Evans is a regional law firm established in 1932 which focuses on civil and tort litigation. Historically, our attorneys have tried more cases to verdict than any other law firm in Colorado. We have more than 1,800 published decisions in the Tenth Circuit, Colorado Court of Appeals, and Colorado Supreme Court.

Our attorneys handle an extensive amount of litigation in Colorado and are routinely involved in cases in nearby states, including Arizona, Kansas, and Nebraska. We handle cases in Montana from our office in Billings, Montana, and cases in Wyoming from our offices in Casper and Laramie, Wyoming. To better serve the needs of our clients, we have recently expanded by opening offices in Kansas City, Missouri, Santa Fe, New Mexico, and Salt Lake City, Utah. Several of our attorneys serve as coordinating counsel, and many of our attorneys serve as local or regional counsel in nationwide litigation. The firm is also involved in regulatory and government affairs public policy work on behalf of the insurance industry.

Hall & Evans is a founding member and the exclusive Colorado member of the ALFA International legal network. ALFA International is a global network of independent business-focused law firms. Founded in 1980, ALFA International is the oldest legal network and remains one of the largest and strongest. The ALFA organization is comprised of 150 member firms with 80 members in the United States and 70 members in Europe, Asia, Australia/New Zealand, Africa, Canada, Mexico and South America. Contact your H&E Attorney or link to the ALFA website for more information.",Phone(s): (307) 460-3929,"866 North 4th Street, Suite 3
Laramie, Wyoming
82072",N/A,"Business Law, Commercial Law, Employment, Government, Litigation, Medical Malpractice, Personal Injury, Real Estate, Tax"
"Hampton & Newman, LC",https://www.us-barassociation.org/firms/detail/79b547f05a5ca183,"Hampton & Newman, LC is a personal injury law firm committed to providing legal representation to injured persons and their families. Attorneys David A Hampton and Michael D. Newman both grew up in Wyoming. They attended the University Wyoming College of Law, and have been together for nearly 25 years, practicing personal injury, worker’s compensation and criminal defense law in Sweetwater County, Wyoming.

Over the course of their long careers as trial lawyers, they have represented Wyoming working men and women in state district and federal district courts. They understand well that when someone is injured in an accident—whether from a motor vehicle accident or an industrial accident—that an injury, big or small, can significantly and profoundly compromise the injured person’s lifestyle. Often this means that the injured and his or her family may be faced with the unfortunate reality of periods of unemployment or even permanent unemployment which affects the injured person’s ability to keep up with bills and the obligations of life. Serious injuries cause the injured and his or her family untold physical, emotional and financial stress.

Hampton & Newman are dedicated trial lawyers whose first and most important objective is to help their clients prevail in their case. They employ aggressive trial strategies and techniques to ensure effective and convincing representation. Often times the case can be settled and they have participated in arbitrations and mediations with insurance companies and their lawyers to effect settlements that provide compensation so that mounting medical bills, lost wages and the like are covered and taken care of.

Because every legal matter is different in terms of the facts and law, they approach each case or claim with a fresh perspective and attempt to tailor their approach to achieve the best possible outcome for that injured person. Some cases are settled out of court and some cases end up in trial, but they make every effort to bring about the best possible resolution for the injured person or his family. Sometimes serious accidents result in death, and in that case they strive to achieve a result that is best suited for the relatives and heirs in the wrongful death claim.

Sometimes injuries are significant or life threatening and sometimes they are not, but regardless, they assist those in both large and smaller types of personal injury claims because they know based on their collective experience that the injured person will have a lot of concerns on how or when he or she should settle or file a claim.

Hampton & Newman also represent the following unions: United Steel Workers of America, United Steel Workers #13214; United Steel Workers #15320 and United Mine Workers of America.",Phone(s): (307) 382-6443,"118 3rd Street
Rock Springs, Wyoming
82901",N/A,"Business Law, Employment, Industry, Motor Vehicle Accidents, Personal Injury"
Harton Law Firm,https://www.us-barassociation.org/firms/detail/4451ee3864e94af4,"Dedicated family law firm focused on adoption, divorce, child custody, guardianship, name changes, wills and probate.",Phone(s): (307) 382-5545,"517 - 2nd Street
Rock Springs, Wyoming
82901",N/A,"Divorce, Estate Planning, Family Law, Litigation"
"Hathaway & Kunz, PC",https://www.us-barassociation.org/firms/detail/24f8c7db792e978a,"Hathaway & Kunz P.C. (H&K) was founded in 1975 by former two-term Wyoming Governor and U.S. Secretary of Interior, Stanley K. Hathaway, along with Brent R. Kunz. Since that time, H&K has grown to become a prominent law firm in the State of Wyoming.

H&K offer a diverse array of legal services. Although litigation is a significant part of our practice, the firm prides itself on the ability to provide high quality legal representation in many different areas of the law. Our clients have a wide range of litigation, transactional, regulatory and planning needs. H&K serves the entire State of Wyoming, practicing in all state and federal courts and before all state government agencies. With our office in Cheyenne, the firm is also very active in legislative affairs, lobbying and governmental relations.

H&K is committed to providing the highest quality of legal services in the most cost-efficient manner. The breadth of experience of H&Ks lawyers means our clients benefit from counsel on virtually any legal matter. We have developed specialized talent within many practice areas in order to serve your needs effectively and efficiently.

We practice regularly in a number of specialized areas of the law such as banking and commercial law, public finance, employment, products liability, personal injury, corporate law, environmental and regulatory affairs, to name a few. Litigation is a large part of our practice, in which we serve as advocates for individuals, corporations and other organizations in lawsuits, administrative proceedings, appeals and other means of dispute resolution.

H&K offers the personal contact and responsiveness you would normally expect to find only in a small firm. Yet, the firm offers specialized services and experience in many areas of the law often found only in large metropolitan law firms. This unique combination has allowed us to provide high quality legal services tailored to the specific needs of our clients.

Over the years, many changes have taken place in the law. However, some things have not changed. Achieving the best results still requires experience, sound judgment and the ability to provide quality legal services at a fair cost. We understand the importance of thorough preparation and the need to keep abreast of new developments and current trends in the law in order to provide our clients with sound advice and the most favorable results.

We have built our firm around the needs of our clients. We strive to understand our clients and to find cost-effective solutions to their legal problems.

Our practice is built upon a simple, yet very successful, philosophy: The single most important element of our work is what it gains for our clients. Our lasting relationships with our clients attest to their satisfaction with our services.",Phone(s): (307) 332-9880,"315 Main Street Suite 4, Orchard Building
Lander, Wyoming
82520",N/A,"Bankruptcy, Business Law, Commercial Law, Employment, Estate Planning, Government, Industry, Litigation, Personal Injury, Real Estate"
"Hickey & Evans, LLP",https://www.us-barassociation.org/firms/detail/15ec38d5525010fb,"Hickey & Evans handles a wide range of practice areas, from estate planning to energy law. The firm takes advantage of the latest technology, giving lawyers and staff organizational and research depth, and clients cost-effective services. The firm is the right size to react quickly to client",Phone(s): (307) 634-1525,"1800 Carey Avenue, Suite 700
Cheyenne, Wyoming
82001",N/A,"Bankruptcy, Business Law, Commercial Law, Criminal Defense, Employment, Estate Planning, Government, Industry, Litigation, Motor Vehicle Accidents, Personal Injury, Real Estate, Tax"
"Hirst Applegate, LLP",https://www.us-barassociation.org/firms/detail/aa81e4acaa4577e7,"Hirst Applegate, LLP traces its history back to the 1930s. Over the years, the firm has built a strong reputation for exceptional trial work and the successful representation of a broad range of local, national, and international clients in Wyoming. Hirst Applegate, LLP has the highest rating",Phone(s): (307) 632-0541,"1720 Carey Avenue, Suite 400
Cheyenne, Wyoming
82001",N/A,"Bankruptcy, Business Law, Employment, Estate Planning, Industry, Litigation, Medical Malpractice, Motor Vehicle Accidents, Personal Injury, Real Estate"
"Hishaw Law, LL. C.",https://www.us-barassociation.org/firms/detail/b25611392fae099d,"The mission of Hishaw Law, LL.C., is to provide quality Wyoming Bankruptcy attorneyservices and to build a financial legacy for working families throughout the state by relieving your debt through bankruptcy protection in Wyoming and estate planning services. We accomplish this with the use of a",Phone(s): (307) 228-0407,"109 East 17th Street
Cheyenne, Wyoming
82001",N/A,Estate Planning
Holland & Hart LLP,https://www.us-barassociation.org/firms/detail/b1a9dad3ac6a169e,"Holland & Hart delivers integrated legal solutions to regional, national, and international clients of all sizes, from emerging businesses to Fortune 500 corporations. Since its inception in 1947, Holland & Hart has grown into a firm of more than 400 lawyers in 15 offices in Colorado, Wyoming, Idaho, Montana, Nevada, New Mexico, Utah, and the District of Columbia. In 2007 and 2008, Holland & Hart was named the best corporate law firm in Denver according to a survey of corporate directors in Corporate Board Member magazine. It is also the largest law firm based in the Mountain West ranked on The American Lawyer's list of the top 200 firms in the United States.",Phone(s): (307) 778-4200,"2515 Warren Avenue Suite 450
Cheyenne, Wyoming
82001",N/A,"Bankruptcy, Business Law, Commercial Law, Criminal Defense, Employment, Estate Planning, Industry, Intellectual Property, Litigation, Personal Injury, Real Estate, Tax"
Honaker Law,https://www.us-barassociation.org/firms/detail/860702e62dbc4003,"Honaker Law is a personal injury law firm located in Rock Springs, Wyoming. The firm is a dynamic legal team built by Richard Honaker, an extraordinarily effective Wyoming trial lawyer since 1976. Mr. Honaker handles cases in all parts of Wyoming, and in neighboring states in association with local counsel. His practice has been based out of a Rock Springs, Wyoming office since 1982.

Always believing it a privilege and a trust to be licensed to practice law in the courtrooms of Wyoming, Mr. Honaker has put his knowledge and experience to work representing individual people and families in significant personal injury and wrongful death cases. Current and recent cases include highway collisions caused by incompetent or negligent truck drivers; catastrophic railroad accidents; defective product cases, and oil field, mining, and pipeline accidents; and pharmaceutical litigation.",Phone(s): (307) 362-5800 or (866) 388-6100,"214 Winston Drive
Rock Springs, Wyoming
82901",N/A,"Medical Malpractice, Motor Vehicle Accidents, Personal Injury"
"Hooper Law Offices, P.C.",https://www.us-barassociation.org/firms/detail/b03b82c4e0fa67b1,"Hooper Law Offices, P.C. is a dedicated law firm located in Riverton, Wyoming. Firm established in 1978 by David B. Hooper, who has achieved Martindale-Hubbell's highest rating for ethical standards and legal ability. Litigation oriented practice in all areas of personal injury claims and defense and business disputes.",Phone(s): (307) 856-4331,"115 North 7th East
Riverton, Wyoming
82501",N/A,"Business Law, Estate Planning, Litigation, Personal Injury, Real Estate"
Jenkins Law Office,https://www.us-barassociation.org/firms/detail/846e15eb96b01b26,The Jenkins Law Office is a Domestic Relations and Personal Injury law firm serving people in Sheridan and throughout the state of Wyoming.,Phone(s): (307) 674-8847,"45 East Loucks, Suite 208
Sheridan, Wyoming
82801",N/A,"Business Law, Divorce, Motor Vehicle Accidents, Personal Injury"
Jubin & Zerga LLC,https://www.us-barassociation.org/firms/detail/035212d2cc99cb12,"We are a two-person firm, comprised of Thomas Jubin, Esq. and Elizabeth Zerga, Esq. Unlike many big firms that take on large numbers of cases, we accept only as many clients as we can handle in a personal, individualized way. Thus, we are able to provide the most comprehensive and attentive",Phone(s): (307) 637-4965,"2614 Pioneer Avenue
Cheyenne, Wyoming
82001",N/A,"Business Law, Employment, Estate Planning, Government, Industry, Litigation"
Kenneth S. Cohen,https://www.us-barassociation.org/firms/detail/ae0fc54624b9ed6b,"The Law Office of Kenneth S. Cohen is an experienced law firm representing clients in the following areas of law: Divorce/Custody; Corporations/LLCs; Real Estate; Business Contracts; Construction Cases; Contract Disputes; and, Drunk Driving/Criminal Law.",Phone(s): (307) 733-4946,"125 E. Pearl, Suite 22
Jackson, Wyoming
83001",N/A,"Business Law, Criminal Defense, Divorce, Personal Injury, Real Estate"
King & King L.L.C.,https://www.us-barassociation.org/firms/detail/d75df4f4a678927c,"King & King, LLC is a premier law firm located in Jackson, Wyoming. Our diverse practice encompasses Accident and Injury, Business and Real Estate Law, Civil Litigation, Insurance Defense, Construction and Real Estate Litigation, Criminal Law and high asset Family Law. With nearly thirty years experience assisting individuals and business owners throughout Wyoming, King & King, LLC has earned a reputation for unparalleled excellence. Founded by father and son team Floyd R. King and Bret F. King, King & King, LLC prides itself on client focused, results oriented representation, where the ultimate goal is to achieve the best possible outcome for the client.

King & King, LLC has forged a reputation for excellence through its work inside and outside the courtroom. Collectively, our attorneys have over sixty years of experience representing clients in state and federal courts throughout Wyoming. We have litigated many jury and bench trials to verdict, and have extensive success in securing dismissals, acquittals, damages, and settlements for our clients.",Phone(s): (307) 733-2904,"610 West Broadway Avenue
Jackson, Wyoming
83001",N/A,"Business Law, Commercial Law, Litigation, Real Estate"
"Lathrop & Rutledge, P.C.",https://www.us-barassociation.org/firms/detail/c02cfbaa135e1b06,"Lathrop & Rutledge, P.C. is a dedicated law firm offering a wide range of legal services, in a number of practice areas including litigation, insurance, business planning, estate planning, alternative dispute resolution and local counsel services. Practicing law in Wyoming provides attorneys with the opportunity to gain experience in a number of different areas of the law, and the members Lathrop & Rutledge, P.C., enjoy this diverse practice. We have been privileged to assist many clients faced with the burden of litigation, but we have also had opportunities to assist our clients in a wide variety of business and personal matters outside the courtroom. In addition we have been fortunate to be called upon by many attorneys outside of Wyoming to assist them and their clients with matters occurring in Wyoming.",Phone(s): (307) 632-0554,"1920 Thomas Avenue, Suite 500
Cheyenne, Wyoming
82003",N/A,"Business Law, Employment, Estate Planning, Litigation, Medical Malpractice, Motor Vehicle Accidents, Personal Injury, Real Estate"
Law Office of Douglas R. McLaughlin,https://www.us-barassociation.org/firms/detail/aafa2272b71afaa6,"The Law Office of Douglas R. McLaughlin in Casper, Wyoming, is an experienced firm offering high quality personal service. With more than 30 years of experience, the firm has the experience you can trust for resolving your legal issues. We are well known throughout the Rocky Mountains for our",Phone(s): (307) 577-5151,"1924 East 1st Street
Casper, Wyoming
82601",N/A,"Business Law, Estate Planning, Real Estate"
"Law Offices of R. Michael Shickich, LLC",https://www.us-barassociation.org/firms/detail/0c9e29f566f2aef1,"The Law Offices of R. Michael Shickich, LLC is an experienced law firm focusing on injury cases such as auto and truck accidents; wrongful death; and injury cases of all types.",Phone(s): (307) 266-5297,"1204 East Second Street
Casper, Wyoming
82601",N/A,"Business Law, Employment, Industry, Litigation, Medical Malpractice, Motor Vehicle Accidents, Personal Injury"
Law Offices of Patrick M. Hunter,https://www.us-barassociation.org/firms/detail/f9a930b5fd2ab0f3,"Law Offices of Patrick M. Hunter handles consumer bankruptcy and business bankruptcy, both liquidations and reorganizations. We also represent creditors and trustees on an occasional basis. We handle matter statewide but emphasis our practice in Natrona, Converse, Johnson, Fremont and Sheridan",Phone(s): (307) 235-1900,"142 M. Park
Casper, Wyoming
82601",N/A,"Bankruptcy, Business Law, Litigation"
Lewis Roca Rothgerber LLP,https://www.us-barassociation.org/firms/detail/da3887fecd0f75f7,"Lewis and Roca, a leading law firm in the Southwest with 180 lawyers, offices in Phoenix, Tucson, Las Vegas, Reno, Albuquerque and Silicon Valley, and thriving practices in litigation, real estate and business transactions, natural resources, gaming, intellectual property, and",Phone(s): (307) 232-0222,"123 West First Street, Suite 200
Casper, Wyoming
82601",N/A,"Business Law, Commercial Law, Industry, Litigation, Personal Injury, Real Estate"
"Lonabaugh and Riggs, LLP",https://www.us-barassociation.org/firms/detail/5e4b32afa4c997df,"Lonabaugh and Riggs, LLP is Wyoming's oldest law firm. Founded in 1890, the firm has a long-standing tradition of providing excellent legal services through a general civil practice with emphasis on natural resources, business and commercial law, personal injury, farming and ranching law, and insurance defense litigation. Firm members have extensive administrative and litigation experience, combining aggressive advocacy and a thorough understanding of state-wide practice to best serve each client's needs.",Phone(s): (307) 672-7444,"50 East Loucks Street
Sheridan, Wyoming
82801",N/A,"Business Law, Commercial Law, Employment, Estate Planning, Industry, Litigation, Motor Vehicle Accidents, Personal Injury, Real Estate"
Long Reimer Winegar Beppler LLP,https://www.us-barassociation.org/firms/detail/ef946e9a8ffac5f2,"Long Reimer Winegar Beppler LLP is a regional law firm with offices located in Cheyenne, Jackson, Evanston and Park City, UT. Members of our firm are licensed to practice law in Wyoming, Colorado, Utah, Idaho, Washington and the District of Columbia.

Long Reimer Winegar Beppler LLP concentrates its practice in estate planning and administration, tax planning, business planning, real estate, elder law and family law.",Phone(s): (307) 734-1908,"199 E. Pearl, Suite 101
Jackson, Wyoming
83001",N/A,"Business Law, Divorce, Estate Planning, Family Law, Health Care & Social, Real Estate"
Long Reimer Winegar Beppler LLP,https://www.us-barassociation.org/firms/detail/fe27ae5a2ce2efba,"Long Reimer Winegar Beppler LLP is a regional law firm with offices located in Cheyenne, Jackson, Evanston and Park City, UT. Members of our firm are licensed to practice law in Wyoming, Colorado, Utah, Idaho, Washington and the District of Columbia.

Long Reimer Winegar Beppler LLP concentrates its practice in estate planning and administration, tax planning, business planning, real estate, elder law and family law.",Phone(s): (307) 746-3424,"1121 Washington Bvld, Suite 102
Newcastle, Wyoming
82701",N/A,"Business Law, Divorce, Estate Planning, Family Law, Health Care & Social, Real Estate"
"MacPherson, Kelly & Thompson, LLC",https://www.us-barassociation.org/firms/detail/31e4bf0e1aeab16b,"MacPherson, Kelly & Thompson, LLC, is a dedicated law firm providing legal representation in the following areas of practice: General Civil Trial Practice in all State and Federal Courts, Banking, Employment, Insurance, Real Estate, Ranching and Agriculture, Estate Planning and Probate, Elder Law, Natural Resource Law, Water Rights, Mining, Oil and Gas, Administrative, Personal Injury Law, Corporate, Contract, Construction Law, Business, Commercial, School and Municipal Law.",Phone(s): (307) 324-2713,"616 West Buffalo
Rawlins, Wyoming
82301",N/A,"Business Law, Commercial Law, Employment, Estate Planning, Family Law, Government, Litigation, Personal Injury, Real Estate"
"Majors Law Firm, P.C.",https://www.us-barassociation.org/firms/detail/fad91903c3544338,"The Majors Law Firm, P.C. is located in Jackson Hole, Wyoming, and is dedicated to assisting clients with their Business Planning, Tax Planning, Trust Planning, Estate Planning, and Asset Protection needs. The Majors Law Firm, P.C. serves clients throughout the State of Wyoming and works closely",Phone(s): (307) 733-4117,"125 S King Street, Suite 2A, PO Box 2922
Jackson, Wyoming
83001",N/A,"Business Law, Real Estate"
"McCrary Law Offices, LLC",https://www.us-barassociation.org/firms/detail/d09bd79ed3cbdacc,"McCrary Law Offices, LLC is dedicated to providing you with quality estate planning resources, so you can become familiar with all of the existing options. When you visit or call our office, we want you to feel comfortable discussing such an important issue concerning both you and your family. We want to arm you with the information you need to make an informed decision about your familys future.

If you have a well-drafted estate plan in place, youll ensure that your estate passes to whom you want, when you want, and is carried out in the manner youve chosen. You can rest assured that your family wont have to endure the public process and costly matter of probate. The government wont be able to take what youve spent a lifetime building. But you need to be aware of the many options that exist in estate planning—and you must choose your attorney wisely.",Phone(s): (307) 472-6900,"111 W. 2nd Street Suite 615
Casper, Wyoming
82601",N/A,"Estate Planning, Family Law, Health Care & Social"
"McKellar, Tiedeken & Scoggin, LLC",https://www.us-barassociation.org/firms/detail/d67abaeb2a4fab14,"McKellar, Tiedeken & Scoggin, LLC has combined experience of more than 75 years in civil litigation. All partners and associates are dedicated to providing our clients with quality legal service and personal attention.

The firm represents insurance companies, corporations, professionals and",Phone(s): (307) 637-5575,"702 Randall Avenue
Cheyenne, Wyoming
82001",N/A,"Business Law, Employment, Family Law, Litigation, Motor Vehicle Accidents, Personal Injury"
Messenger & Jurovich,https://www.us-barassociation.org/firms/detail/e886b68efdd083e3,"At Messenger & Jurovich, our attorneys have been representing businesses, individuals, and families throughout Wyoming since 1975.

Our firm has made a name for itself by providing aggressive courtroom representation for clients who need a strong advocate in the legal system. Indeed, we frequently handle complex or difficult cases that other lawyers have turned down, taking a team approach that ensures our clients get diligent representation.

When you are considering litigation, results are what count most. We will be happy to meet with you in consultation about your case and discuss how we propose to handle it, and tell you about similar cases we have handled in the past.",Phone(s): (307) 463-4415 or (866) 930-5115,"116 North 5th Street
Thermopolis, Wyoming
82443",N/A,"Bankruptcy, Business Law, Commercial Law, Criminal Defense, Divorce, Employment, Estate Planning, Family Law, Health Care & Social, Litigation, Motor Vehicle Accidents, Personal Injury, Real Estate"
"Meyer, Shaffer & Stepans, PLLP",https://www.us-barassociation.org/firms/detail/2bb55ab8dddddd53,"The attorneys at Meyer, Shaffer & Stepans are accomplished trial lawyers who represent clients throughout Wyoming, Montana, North Dakota and Colorado. We specialize in personal injury Law, criminal law, wrongful termination, medical malpractice, business disputes, oilfield accidents, and trucking",Phone(s): (307) 734-9544,"3490 Clubhouse Drive, Suite 104
Wilson, Wyoming
83014",N/A,"Medical Malpractice, Motor Vehicle Accidents, Personal Injury"
Murane & Bostwick,https://www.us-barassociation.org/firms/detail/bcead73fc9e4f992,"Murane & Bostwick, LLC is a general practice law firm with offices in Casper and Cheyenne, Wyoming. We represent businesses and individuals as close as our next door neighbors to multi-national corporations and insurers from Tokyo to London.

The firm became a partnership in 1949 and a limited",Phone(s): (307) 234-9345,"201 North Wolcott
Casper, Wyoming
82601",N/A,"Bankruptcy, Business Law, Commercial Law, Employment, Estate Planning, Litigation, Motor Vehicle Accidents, Personal Injury, Real Estate"
Murane & Bostwick,https://www.us-barassociation.org/firms/detail/bee66da765e5e5f7,"Murane & Bostwick, LLC is a general practice law firm with offices in Casper and Cheyenne, Wyoming. We represent businesses and individuals as close as our next door neighbors to multi-national corporations and insurers from Tokyo to London.

The firm became a partnership in 1949 and a limited",Phone(s): (307) 234-9345,"508 West 27th Street
Cheyenne, Wyoming
82001",N/A,"Bankruptcy, Business Law, Commercial Law, Employment, Estate Planning, Litigation, Motor Vehicle Accidents, Personal Injury, Real Estate"
"Nicholas & Tangeman, LLC",https://www.us-barassociation.org/firms/detail/956000d2fd99a748,"Nicholas Law Offices was founded by Philip Nicholas in 1992. The firm's principal client, Mountain Cement Company had suffered a huge loss when its newly installed blend tank silo collapsed shortly after installation. Over the course of the next three years, Nicholas Law Offices prosecuted negligence and product liability claims against third parties inlcuding steel suppliers. The firm won a $6.49 million dollars jury verdict on behalf of Mountain Cement Company against a large national steel company that judgment continues to stand as the largest verdict in Albany County, Wyoming.

Over the years, our firm has grown and continues to grow. Our offices are comprised of three partners, including Philip Nicholas, Jeff Anthony, Jason Tangeman, and two associates, Stacy Rostad-Kasper and Mitch Edwards. Although we continue to represent Mountain Cement Company, our client base has grown to over 200 clients and our practice includes representation in areas of general civil litigation, appellate advocacy, corporate and commercial law, public finance, governmental law, administrative law, real property law, criminal law, natural resources law, federal and state taxation, probate law and estate planning, and family law.

Our firm is located in Laramie, Wyoming and in the historic Charles E. Blair House, a large, beautiful Victorian home located on the corner of 5th and Fremont Streets. The Blair House was built in 1912 and is recorded on the Wyoming Historic Preservation list.",Phone(s): (307) 742-7140,"170 North Fifth St.
Laramie, Wyoming
82073",N/A,"Business Law, Commercial Law, Criminal Defense, Employment, Estate Planning, Government, Intellectual Property, Litigation, Personal Injury, Real Estate"
"Rhodes Law Firm, LLC",https://www.us-barassociation.org/firms/detail/14e3b86f8a373b88,"The Rhodes Law Firm is effective at recovering compensation for personal injury and nursing home negligence clients because Diana Rhodes is not just an attorney, she is a former health care professional. Attorney Rhodes understands the dynamics of the health care industry and the types of injuries patients can suffer.

Our legal team is dedicated to fighting for the rights of victims of accidents, medical malpractice, and nursing home and assisted living center injuries. We are here to help the victims of negligence and their loved ones. Attorney Rhodes has been handling personal injury cases for 20 years, she understands the physical and emotional pain you are going through, and she and her dedicated staff of professionals will guide you every step of the way.",Phone(s): (307) 222-0025,"2515 Warren Avenue Suite 501
Cheyenne, Wyoming
82001",N/A,"Health Care & Social, Medical Malpractice, Motor Vehicle Accidents, Personal Injury"
"Richard A. Erb, Jr., P.C.",https://www.us-barassociation.org/firms/detail/eb4f4162df4105a0,"Richard A. Erb, Jr., P.C., a general practice law firm with emphasis in Estate Planning (Wills, Trusts, Powers of Attorney), Business Planning (LLCs, Corporations, Partnerships), Personal Injury, General Litigation, Probate and Real Estate (Purchase or Sale, Leases, Landlord Issues).",Phone(s): (307) 682-0215,"222 South Gillette Avenue, Suite 310
Gillette, Wyoming
82716",N/A,Estate Planning
"Robert P. Schuster, P.C.",https://www.us-barassociation.org/firms/detail/dc98d4debc523ecc,"Robert P. Schuster, P.C., is a law firm devoted to complex commercial litigation and personal injury cases, including business torts, intellectual property disputes, patent infringement, oil and gas royalty litigation, traumatic brain injury, brain injury, carbon monoxide poisoning, and natural gas",Phone(s): (307) 732-7800,"Suite 204, 250 Veronica Lane, P.O. Box 13160
Jackson, Wyoming
83002",N/A,"Business Law, Industry, Intellectual Property, Litigation, Motor Vehicle Accidents, Personal Injury"
"Robert T. Moxley, P.C.",https://www.us-barassociation.org/firms/detail/90548d9145eaaf6a,"Robert T. Moxley, P.C. is an experienced law firm located in Cheyenne, Wyoming. Attorney Robert Moxley's practice is devoted to protecting his clients' rights. If you are facing criminal charges, serious personal injuries or violations of your civil rights, Mr. Moxley will put his experience and knowledge to work for you. He is often able to craft creative arguments to achieve his clients' legal goals, and legal scholarship is one of his significant strengths.",Phone(s): (307) 632-1112,"2718 Oneil Avenue
Cheyenne, Wyoming
82001",N/A,"Criminal Defense, Employment, Government, Motor Vehicle Accidents, Personal Injury"
Romsa Law Office P.C.,https://www.us-barassociation.org/firms/detail/754becb7b82463c7,"Romsa Law Office, P.C. is a trusted resource for legal service. Located in Cheyenne, Wyoming, Romsa Law Office has served residents throughout Wyoming for over 30 years with strong advocacy for each client’s unique legal challenges.

We are tough, knowledgeable advocates who deliver strong",Phone(s): (307) 433-8777,"2123 Pioneer Avenue
Cheyenne, Wyoming
82001",N/A,"Business Law, Commercial Law, Criminal Defense, Employment, Estate Planning, Medical Malpractice, Motor Vehicle Accidents, Personal Injury, Real Estate"
"Ross, Ross & Santini, L.L.C.",https://www.us-barassociation.org/firms/detail/e57802ae6b36c712,"Ross, Ross & Santini, L.L.C. is an experienced law firm based in Cheyenne, Wyoming. Our firm was established in 1950 by attorney Vincent Ross, who built a well-earned reputation as one of the most respected and successful criminal defense lawyers in Wyoming. For over five decades, we have continued this tradition of excellence and have expanded our legal services to fit the diverse needs of our growing community.

Supported by an experienced legal staff, our attorneys help clients find effective resolution to their legal problems. In divorce and family law matters, we provide assertive advocacy and thoughtful counsel, helping clients attain their goals. In personal injury cases, we aggressively fight for full, fair compensation. In our insurance defense practice, we draw from decades of experience of providing assertive and efficient representation in a wide range of claims.",Phone(s): (307) 632-8957,"307 East 18th Street
Cheyenne, Wyoming
82001",N/A,"Business Law, Criminal Defense, Divorce, Employment, Estate Planning, Family Law, Litigation, Motor Vehicle Accidents, Personal Injury"
Rothgerber Johnson & Lyons LLP,https://www.us-barassociation.org/firms/detail/9e2bf4ba8d249535,"Rothgerber Johnson & Lyons LLP, founded in 1903, is Colorado’s oldest continuously operating legal partnership and is among the state’s ten largest law firms. The firm is headquartered in Denver with additional offices in Colorado Springs, CO; Cheyenne, WY; and Casper WY. The firm has a diversified commercial practice, including litigation, banking, securities, employment, real estate, taxation, international business, and corporate law. The firm has 75 practicing attorneys.",Phone(s): (307) 638-6262,"One Pioneer Center, Ste 210, 2424 Pioneer Ave.
Cheyenne, Wyoming
82001",N/A,"Bankruptcy, Business Law, Commercial Law, Criminal Defense, Employment, Industry, Intellectual Property, International Law, Litigation, Motor Vehicle Accidents, Personal Injury, Real Estate, Tax"
"Schwartz, Bon, Walker, & Studer, LLC",https://www.us-barassociation.org/firms/detail/3ca0eceab5aae773,"Schwartz, Bon, Walker & Studer, LLC is one of the largest and most distinguished law firms in Wyoming. For over thirty years, the attorneys at Schwartz, Bon, Walker & Studer, LLC have successfully represented and assisted their clients in virtually every type of civil trial work (where people sue each other for money), as well as periodic representation of criminal defendants. The firm’s clients range from large American and international corporations to individuals injured through the fault of others. The firm’s lawyers have represented parties in cases involving personal injury, death, products liability, patent infringement, truck wrecks, explosions, fires, animals and construction—- to name just a few.",Phone(s): (307) 235-6681 or (888) 552-6957,"141 South Center, Suite 500
Casper, Wyoming
82601",N/A,"Business Law, Employment, Intellectual Property, Litigation, Motor Vehicle Accidents, Personal Injury, Real Estate"
"Steven Titus & Associates, PC",https://www.us-barassociation.org/firms/detail/adf1bab9f1ce0d80,"No matter what you are facing or how complex your case, you need a dedicated and knowledgeable advocate to help protect you from potentially life-altering penalties. You can trust us to work tirelessly to build a solid defense based on your unique circumstances.",Phone(s): (307) 257-7800,"207 South Gillette Avenue
Gillette, Wyoming
82716",N/A,"Criminal Defense, Divorce, Motor Vehicle Accidents, Personal Injury"
"Sundahl, Powers, Kapp and Martin, LLC",https://www.us-barassociation.org/firms/detail/96d7e14e60d8fa46,"The firm specializes in civil defense litigation. The attorneys at SPKM have developed expertise in a wide variety of areas, including personal injury, tort liability, professional malpractice, insurance defense, railroads and employment. SPKM also frequently represents both plaintiffs and defendants in construction litigation. The firm has an active administrative law practice, which includes representation of clients before the governmental boards, agencies and bodies.

Our approach is simple - SPKM is committed to providing the highest quality of legal services in the most cost-efficient and effective manner. Our clients, who range from Fortune 500 companies to family farms, benefit from the breadth of experience of SPKM’s attorneys. They receive the expertise and sophistication of a large law firm with the service, responsiveness and personal attention of a small Wyoming law firm regarding nearly any civil legal matter.

SPKM has been honored by the loyalty and respect of long-term clients, who have repeatedly looked to them for advice. The attorneys have also long been recognized by their peers as exemplars of the highest ethical and professional standards. SPKM has the highest rating available from Martindale-Hubbell for professional and ethical standards (AV), and its attorneys are consistently recognized as leaders in their fields by Super Lawyers, Best Lawyers in America and other publications.",Phone(s): (307) 632-6421,"1725 Carey Avenue
Cheyenne, Wyoming
82001",N/A,"Business Law, Government, Litigation, Medical Malpractice, Personal Injury, Real Estate"
The Fitzgerald Law Firm,https://www.us-barassociation.org/firms/detail/5575bf48c613c168,"Based in Cheyenne, Wyoming, The Fitzgerald Law Firm has numerous advantages over large law firms. We maneuver quickly. We have decentralized decision-making. There is no chain of command. We can quickly target critical vulnerabilities in our opponent's positions.",Phone(s): (307) 634-4000,"2108 Warren Avenue
Cheyenne, Wyoming
82001",N/A,"Medical Malpractice, Personal Injury"
The Kent Spence Law Firm,https://www.us-barassociation.org/firms/detail/2ef2c42e5fa6352b,"The Kent Spence Law Firm preserves justice for the people of Wyoming. For 20 years, Kent has successfully taken on corporations and local, state, and federal governments in civil rights, personal injury, wrongful death, industrial accident, oil field accident, trucking accidents.",Phone(s): (307) 739-3955,"680 South Cache Street, Suite 100
Jackson, Wyoming
83001",N/A,"Motor Vehicle Accidents, Personal Injury"
The Law Offices of Dion J. Custis,https://www.us-barassociation.org/firms/detail/678c7e898055165e,"At Dion J. Custis, P.C., our entire staff is dedicated to helping clients with their legal matters regarding: Criminal Law; Capital Offenses; White Collar Crimes, and, more.",Phone(s): (307) 638-2442,"400 E. 20th St.
Cheyenne, Wyoming
82001",N/A,"Criminal Defense, Employment, Motor Vehicle Accidents, Personal Injury"
"The Law Offices of Steven Dwyert, LLC",https://www.us-barassociation.org/firms/detail/3808ee3b14e19b29,"Call if you have suffered a work-related injury, have recently received a Final Determination from the Wyoming Workers’ Compensation Division, have had an employer object to your Workers’ Compensation benefits, or Just have general questions about your rights as an employee under the Wyoming",Phone(s): (307) 734-0565,"125 East Pearl Street, Suite No. 208
Jackson, Wyoming
83001",N/A,"Divorce, Employment"
The RT Cox Law Firm,https://www.us-barassociation.org/firms/detail/f7a0bd28e4bef208,"Attorney licensed in Wyoming, Montana, and North Dakota. While we operate a general practice, our main focus is energy law, environmental law, surface use issues, and civil litigation. RT Cox has practiced in Gillette, Wyoming for over 20 years. We offer advice and advocacy to keep legal expenses",Phone(s): (307) 682-2500,"901 East Third Street, Suite A
Gillette, Wyoming
82716",N/A,"Business Law, Commercial Law, Government, Litigation, Motor Vehicle Accidents, Real Estate"
"The Salisbury Firm, P.C.",https://www.us-barassociation.org/firms/detail/5a766d4b9398eb79,"The Salisbury Firm, P.C. is an experienced law firm located in Cheyenne, Wyoming. Since its formation in 1991, originally as Riske & Arnold, P.C., the firm has built a strong reputation in the Cheyenne community and throughout Wyoming for efficient, responsive and successful representation of business, governmental and individual clients in a broad range of legal matters. We handle matters in all local, state and Federal courts - including the U.S. Bankruptcy Court. A client engaging our services can expect an honest and accurate appraisal of the matter and a recommendation for resolution in the most practical, direct and economically feasible manner.",Phone(s): (307) 634-2002,"1720 Carey Avenue, Suite 500
Cheyenne, Wyoming
82001",N/A,"Bankruptcy, Business Law, Employment, Estate Planning, Government, Litigation, Personal Injury, Real Estate"
"The Spence Law Firm, LLC",https://www.us-barassociation.org/firms/detail/8deee4e5f9bb3148,"The Spence Law Firm, LLC is a personal injury firm located in Jackson, Wyoming and serving clients across the country. Practice areas encompass industrial and work accidents, oil/gas field and mining accidents, vehicle accidents, railroad and aviation accidents, carbon monoxide poisoning, product",Phone(s): (307) 733-7290,"15 South Jackson Street
Jackson, Wyoming
83001",N/A,"Business Law, Employment, Industry, Medical Malpractice, Motor Vehicle Accidents, Personal Injury"
"The Throne Law Office, P.C.",https://www.us-barassociation.org/firms/detail/9e1357acd20b6215,"The Throne Law Office, P.C. is an experienced law firm based in Sheridan, Wyoming. By getting results in groundbreaking cases and by representing the top businesses in the industries, the firm has built a reputation that is known well beyond the borders of Wyoming.

The firm features the talents of attorneys S. Thomas Throne, Jacob T. Haseman, James L. Mowry, Matthias Sayer, and Mary Throne. Thomas Throne handles oil and gas law matters, and has been doing so since 1979. Mary Throne, Jacob Haseman, and Matthias Sayer handle environmental law matters. The depth of experience provided by the firm is paired with a commitment to meeting the specific needs of every client the firm serves.

Who are the firm's clients? They include land and mineral rights owners, as well as oil and gas exploration and production companies. More specifically, they include Citation Oil and Gas Company, Infinity Oil and Gas, Lance Oil and Gas Company and more.",Phone(s): (307) 672-5858,"2 North Main Street, Suite 402, P.O. Box 1056
Sheridan, Wyoming
82801",N/A,"Business Law, Industry, Litigation"
"Vehar Law Offices, P.C.",https://www.us-barassociation.org/firms/detail/f85502208b9705cf,"Vehar Law Offices, P.C. is a dedicated law firm providing legal representation in the following areas of practice: Personal Injury, Medical Malpractice, Civil Litigation, Professional Malpractice, Insurance, Wrongful Death",Phone(s): (307) 789-5000,"912 Main Street, P.O. Box 1510
Evanston, Wyoming
82931",N/A,"Business Law, Criminal Defense, Litigation, Medical Malpractice, Motor Vehicle Accidents, Personal Injury"
Whitaker Law Office,https://www.us-barassociation.org/firms/detail/ee029f7b5fdee47b,"The legal process can be very complicated. Whether you have been the victim of an injury resulting from the negligence of another person or if you have been accused of a crime, an aggressive, competent, experienced trial lawyer can make a huge difference in the result.",Phone(s): (307) 265-6204,"536 S. Center Street
Casper, Wyoming
82601",N/A,"Criminal Defense, Litigation, Medical Malpractice, Personal Injury"
"Williams, Porter, Day & Neville, P.C.",https://www.us-barassociation.org/firms/detail/509f8c7f73463f4f,"Williams, Porter, Day & Neville was founded upon the principles of pride in a job well done and maintaining the highest client satisfaction, which results not only in quality representation but also in a fair and reasonable cost for legal services. Pride, professionalism and high ethical standards are the cornerstone of our practice, as is the quality of our attorneys and employees. The Firm has prospered for more than 70 years because our clients depend upon our high standards and integrity.",Phone(s): (307) 265-0700,"159 North Wolcott, Suite 400
Casper, Wyoming
82601",N/A,"Business Law, Estate Planning, Litigation, Personal Injury, Real Estate"
"Wolf & Tiedeken, LLC",https://www.us-barassociation.org/firms/detail/47f6fe97c10ecd3f,"The firm has represented clients in cases involving serious and catastrophic personal injury, traumatic brain injury, medical negligence, wrongful death, product liability, auto accidents, truck accidents, auto crash worthiness, premises liability, and work place/industrial accidents in both state",Phone(s): (307) 635-2876,"First Interstate Bank Building, 401 West 19th St, Suite 300
Cheyenne, Wyoming
82001",N/A,"Business Law, Motor Vehicle Accidents, Personal Injury"
"Woodard Law Office, P.C.",https://www.us-barassociation.org/firms/detail/e50d38963d0d23cf,"Woodard Law Office, P.C. was founded over thirty years ago. We pride ourselves on providing quality litigation and dispute resolution services to the people and businesses of Wyoming including Laramie, Platte, Albany, Goshen, Carbon, and Converse counties.

Attorney Rhonda Woodard is a past president of the Wyoming Trial Lawyers Association and a past member of the Board of Governors of the Association of Trial Lawyers of America. She has been in private practice in Cheyenne for 28 years and has served on a number of professional and community boards and committees. Our practice includes the following areas: Personal Injury; Wrongful Death; Insurance Claims; and, Appeals.",Phone(s): (307) 634-2731 or (800) 494-2731,"401 West 19th Street, Suite 300
Cheyenne, Wyoming
82001",N/A,"Business Law, Government, Motor Vehicle Accidents, Personal Injury, Real Estate"
"Zubrod Law Office, P.C.",https://www.us-barassociation.org/firms/detail/aa58723dd194da65,"Zubrod Law Office, P.C. is a family law firm located in Cheyenne, Wyoming. Firm founder Tracy L. Zubrod has employed a direct and effective approach to the practice of law: First, help clients identify their goals and second to help them reach those objectives. To do this, she provides supportive legal counsel, clear and regular communication, and a firm dedication to getting the best possible results for clients going through divorce.",Phone(s): (307) 778-2557,"1907 House Avenue
Cheyenne, Wyoming
82001",N/A,"Divorce, Family Law, Litigation"
